{"fillp_sheep": {"1": {"1": {"delay": 73.814, "loss": 0.002380823949322597, "tput": 11.262490543583944}, "all": {"delay": 73.814, "loss": 0.002380823949322597, "tput": 11.262490543583944}}}, "fillp": {"1": {"1": {"delay": 88.031, "loss": 0.0028142957461896323, "tput": 11.76732812831776}, "all": {"delay": 88.031, "loss": 0.0028142957461896323, "tput": 11.76732812831776}}}, "cubic": {"1": {"1": {"delay": 1636.106, "loss": 0.029380289272747606, "tput": 11.852600924066143}, "all": {"delay": 1636.106, "loss": 0.029380289272747606, "tput": 11.852600924066143}}}, "vivace": {"1": {"1": {"delay": 84.103, "loss": 0.0019154987191675188, "tput": 10.843707382519026}, "all": {"delay": 84.103, "loss": 0.0019154987191675188, "tput": 10.843707382519026}}}, "scream": {"1": {"1": {"delay": 51.585, "loss": 0.0012570827473785684, "tput": 0.21505573836855718}, "all": {"delay": 51.585, "loss": 0.0012570827473785684, "tput": 0.21505573836855718}}}, "vegas": {"1": {"1": {"delay": 255.441, "loss": 0.0048502612090209896, "tput": 11.852350559342106}, "all": {"delay": 255.441, "loss": 0.0048502612090209896, "tput": 11.852350559342106}}}, "bbr": {"1": {"1": {"delay": 172.298, "loss": 0.005461267090903665, "tput": 11.604855315160531}, "all": {"delay": 172.298, "loss": 0.005461267090903665, "tput": 11.604855315160531}}}}