{"fillp_sheep": {"1": {"1": {"delay": 141.359, "loss": 0.004767392820385963, "tput": 11.329493787296876}, "all": {"delay": 141.359, "loss": 0.004767392820385963, "tput": 11.329493787296876}}}, "fillp": {"1": {"1": {"delay": 156.063, "loss": 0.004546884958335662, "tput": 11.689936513120072}, "all": {"delay": 156.063, "loss": 0.004546884958335662, "tput": 11.689936513120072}}}, "quic": {}, "cubic": {"1": {"1": {"delay": 1597.918, "loss": 0.028668708433729817, "tput": 11.617295737515532}, "all": {"delay": 1597.918, "loss": 0.028668708433729817, "tput": 11.617295737515532}}}, "sprout": {}, "vivace": {"1": {"1": {"delay": 223.029, "loss": 0.0036549608979739023, "tput": 10.232639734801023}, "all": {"delay": 223.029, "loss": 0.0036549608979739023, "tput": 10.232639734801023}}}, "scream": {"1": {"1": {"delay": 101.586, "loss": 0.002561820515216029, "tput": 0.21753400049524238}, "all": {"delay": 101.586, "loss": 0.002561820515216029, "tput": 0.21753400049524238}}}, "vegas": {"1": {"1": {"delay": 527.839, "loss": 0.016393374370546443, "tput": 11.634050704321096}, "all": {"delay": 527.839, "loss": 0.016393374370546443, "tput": 11.634050704321096}}}, "bbr": {"1": {"1": {"delay": 488.835, "loss": 0.009641056205621834, "tput": 11.299682360913799}, "all": {"delay": 488.835, "loss": 0.009641056205621834, "tput": 11.299682360913799}}}, "verus": {}, "pcc": {}, "pcc_experimental": {}, "webrtc": {"1": {"1": {"delay": 101.817, "loss": 0.0, "tput": 0.0012902694652197474}, "all": {"delay": 101.817, "loss": 0.0, "tput": 0.0012902694652197474}}}, "taova": {}, "ledbat": {}}