{"fillp_sheep": {"1": {"1": {"delay": 2810.51, "loss": 0.012518186359075645, "tput": 9.862618634701013}, "all": {"delay": 2810.51, "loss": 0.012518186359075645, "tput": 9.862618634701013}}}, "fillp": {"1": {"1": {"delay": 2710.226, "loss": 0.01913399593836096, "tput": 10.775531386572837}, "all": {"delay": 2710.226, "loss": 0.01913399593836096, "tput": 10.775531386572837}}}, "cubic": {"1": {"1": {"delay": 1321.281, "loss": 0.033522379839570626, "tput": 8.607363950523958}, "all": {"delay": 1321.281, "loss": 0.033522379839570626, "tput": 8.607363950523958}}}, "vivace": {"1": {"1": {"delay": 783.947, "loss": 0.01339027484932731, "tput": 8.2902300321089}, "all": {"delay": 783.947, "loss": 0.01339027484932731, "tput": 8.2902300321089}}}, "scream": {"1": {"1": {"delay": 501.569, "loss": 0.01677223052287291, "tput": 0.07861018629548297}, "all": {"delay": 501.569, "loss": 0.01677223052287291, "tput": 0.07861018629548297}}}, "vegas": {"1": {"1": {"delay": 776.877, "loss": 0.032380134140102323, "tput": 9.247772160210914}, "all": {"delay": 776.877, "loss": 0.032380134140102323, "tput": 9.247772160210914}}}, "bbr": {"1": {"1": {"delay": 1408.458, "loss": 0.00020323011230771737, "tput": 8.228327772921089}, "all": {"delay": 1408.458, "loss": 0.00020323011230771737, "tput": 8.228327772921089}}}}