{"fillp_sheep": {"1": {"1": {"delay": 147.66, "loss": 0.00427159245622899, "tput": 2.8666551243680436}, "all": {"delay": 147.66, "loss": 0.00427159245622899, "tput": 2.8666551243680436}}}, "fillp": {"1": {"1": {"delay": 205.436, "loss": 0.006941503988915021, "tput": 2.947634584040409}, "all": {"delay": 205.436, "loss": 0.006941503988915021, "tput": 2.947634584040409}}}, "cubic": {"1": {"1": {"delay": 6391.387, "loss": 0.18927147143162537, "tput": 2.9437778145144415}, "all": {"delay": 6391.387, "loss": 0.18927147143162537, "tput": 2.9437778145144415}}}, "scream": {"1": {"1": {"delay": 104.582, "loss": 0.0037882842480458923, "tput": 0.21736652318898508}, "all": {"delay": 104.582, "loss": 0.0037882842480458923, "tput": 0.21736652318898508}}}, "vivace": {"1": {"1": {"delay": 132.694, "loss": 0.003691629660533935, "tput": 2.524094345760331}, "all": {"delay": 132.694, "loss": 0.003691629660533935, "tput": 2.524094345760331}}}, "webrtc": {"1": {"1": {"delay": 104.793, "loss": 0.0, "tput": 0.001291719579492388}, "all": {"delay": 104.793, "loss": 0.0, "tput": 0.001291719579492388}}}, "vegas": {"1": {"1": {"delay": 492.283, "loss": 0.009055127616931835, "tput": 2.943886580623398}, "all": {"delay": 492.283, "loss": 0.009055127616931835, "tput": 2.943886580623398}}}, "bbr": {"1": {"1": {"delay": 519.133, "loss": 0.011227976531958062, "tput": 2.8639744600880657}, "all": {"delay": 519.133, "loss": 0.011227976531958062, "tput": 2.8639744600880657}}}}