{"fillp_sheep": {"1": {"1": {"delay": 147.775, "loss": 0.003924836283527133, "tput": 3.8295785073661595}, "all": {"delay": 147.775, "loss": 0.003924836283527133, "tput": 3.8295785073661595}}}, "fillp": {"1": {"1": {"delay": 196.408, "loss": 0.006735737682183607, "tput": 3.935245606364344}, "all": {"delay": 196.408, "loss": 0.006735737682183607, "tput": 3.935245606364344}}}, "cubic": {"1": {"1": {"delay": 5365.128, "loss": 0.09789615186080414, "tput": 3.916926076539534}, "all": {"delay": 5365.128, "loss": 0.09789615186080414, "tput": 3.916926076539534}}}, "scream": {"1": {"1": {"delay": 103.568, "loss": 0.0037872358221585634, "tput": 0.2174346528549851}, "all": {"delay": 103.568, "loss": 0.0037872358221585634, "tput": 0.2174346528549851}}}, "vivace": {"1": {"1": {"delay": 354.868, "loss": 0.0048012998267408236, "tput": 3.6289982054666963}, "all": {"delay": 354.868, "loss": 0.0048012998267408236, "tput": 3.6289982054666963}}}, "webrtc": {"1": {"1": {"delay": 103.811, "loss": 0.0, "tput": 0.001291659866890706}, "all": {"delay": 103.811, "loss": 0.0, "tput": 0.001291659866890706}}}, "vegas": {"1": {"1": {"delay": 357.894, "loss": 0.0043881479457617, "tput": 3.9172167125251054}, "all": {"delay": 357.894, "loss": 0.0043881479457617, "tput": 3.9172167125251054}}}, "bbr": {"1": {"1": {"delay": 498.506, "loss": 0.010647045298793678, "tput": 3.8088116240254357}, "all": {"delay": 498.506, "loss": 0.010647045298793678, "tput": 3.8088116240254357}}}}