{"cubic": {"1": {"1": {"delay": 1584.86, "loss": 0.02953835502932578, "tput": 11.633980625076324}, "all": {"delay": 1584.86, "loss": 0.02953835502932578, "tput": 11.633980625076324}}}}