{"fillp_sheep": {"1": {"1": {"delay": 142.64, "loss": 0.00307775250737774, "tput": 11.352533220563288}, "all": {"delay": 142.64, "loss": 0.00307775250737774, "tput": 11.352533220563288}}}, "fillp": {"1": {"1": {"delay": 152.438, "loss": 0.003913720894453077, "tput": 11.65259670340495}, "all": {"delay": 152.438, "loss": 0.003913720894453077, "tput": 11.65259670340495}}}, "cubic": {"1": {"1": {"delay": 1723.261, "loss": 0.04188012282661313, "tput": 11.634138844368247}, "all": {"delay": 1723.261, "loss": 0.04188012282661313, "tput": 11.634138844368247}}}, "scream": {"1": {"1": {"delay": 101.594, "loss": 0.002561820515216029, "tput": 0.21753402965536547}, "all": {"delay": 101.594, "loss": 0.002561820515216029, "tput": 0.21753402965536547}}}, "vivace": {"1": {"1": {"delay": 223.785, "loss": 0.004055205599355349, "tput": 10.16644929470985}, "all": {"delay": 223.785, "loss": 0.004055205599355349, "tput": 10.16644929470985}}}, "webrtc": {"1": {"1": {"delay": 105.383, "loss": 0.0, "tput": 0.001291086126203669}, "all": {"delay": 105.383, "loss": 0.0, "tput": 0.001291086126203669}}}, "vegas": {"1": {"1": {"delay": 706.605, "loss": 0.02260068232921686, "tput": 11.633430906077491}, "all": {"delay": 706.605, "loss": 0.02260068232921686, "tput": 11.633430906077491}}}, "quic": {}, "bbr": {"1": {"1": {"delay": 489.894, "loss": 0.008638890701554103, "tput": 11.297890945656269}, "all": {"delay": 489.894, "loss": 0.008638890701554103, "tput": 11.297890945656269}}}}