{"fillp": {"1": {"1": {"delay": 85.297, "loss": 0.0027669550994754433, "tput": 11.947064154566883}, "all": {"delay": 85.297, "loss": 0.0027669550994754433, "tput": 11.947064154566883}}}, "fillp_sheep": {"1": {"1": {"delay": 38.426, "loss": 0.0010368739075178324, "tput": 11.808505249961156}, "all": {"delay": 38.426, "loss": 0.0010368739075178324, "tput": 11.808505249961156}}}, "copa": {"1": {"1": {"delay": 594.135, "loss": 0.021801830995913374, "tput": 11.96976704906867}, "all": {"delay": 594.135, "loss": 0.021801830995913374, "tput": 11.96976704906867}}}, "indigo": {}, "quic": {"1": {"1": {"delay": 400.815, "loss": 0.014728887411797342, "tput": 11.84201513524266}, "all": {"delay": 400.815, "loss": 0.014728887411797342, "tput": 11.84201513524266}}}, "cubic": {"1": {"1": {"delay": 1723.515, "loss": 0.030643949630139167, "tput": 11.998862051180756}, "all": {"delay": 1723.515, "loss": 0.030643949630139167, "tput": 11.998862051180756}}}, "sprout": {"1": {"1": {"delay": 74.145, "loss": 0.002244745080673183, "tput": 11.976282527001349}, "all": {"delay": 74.145, "loss": 0.002244745080673183, "tput": 11.976282527001349}}}, "vivace": {"1": {"1": {"delay": 18.794, "loss": 2.3160938745769855e-06, "tput": 9.70789126203821}, "all": {"delay": 18.794, "loss": 2.3160938745769855e-06, "tput": 9.70789126203821}}}, "scream": {"1": {"1": {"delay": 1.338, "loss": 0.0, "tput": 0.21736192576697733}, "all": {"delay": 1.338, "loss": 0.0, "tput": 0.21736192576697733}}}, "vegas": {"1": {"1": {"delay": 6.825, "loss": 0.00023336349426850145, "tput": 11.999015190394747}, "all": {"delay": 6.825, "loss": 0.00023336349426850145, "tput": 11.999015190394747}}}, "bbr": {"1": {"1": {"delay": 18.1, "loss": 0.0005334200555805468, "tput": 11.99461373536159}, "all": {"delay": 18.1, "loss": 0.0005334200555805468, "tput": 11.99461373536159}}}, "verus": {"1": {"1": {"delay": 404.735, "loss": 0.00012496875781053962, "tput": 9.500834737450626}, "all": {"delay": 404.735, "loss": 0.00012496875781053962, "tput": 9.500834737450626}}}, "pcc": {"1": {"1": {"delay": 33.126, "loss": 0.000423610219144277, "tput": 7.654619281940693}, "all": {"delay": 33.126, "loss": 0.000423610219144277, "tput": 7.654619281940693}}}, "pcc_experimental": {"1": {"1": {"delay": 611.748, "loss": 5.6722968726274914e-05, "tput": 7.5112929281568}, "all": {"delay": 611.748, "loss": 5.6722968726274914e-05, "tput": 7.5112929281568}}}, "webrtc": {"1": {"1": {"delay": 1.358, "loss": 0.0, "tput": 1.9641479556941344}, "all": {"delay": 1.358, "loss": 0.0, "tput": 1.9641479556941344}}}, "taova": {"1": {"1": {"delay": 2.457, "loss": 0.0, "tput": 3.835652340122658}, "all": {"delay": 2.457, "loss": 0.0, "tput": 3.835652340122658}}}, "ledbat": {"1": {"1": {"delay": 102.735, "loss": 0.0034104132969827727, "tput": 11.997491351975714}, "all": {"delay": 102.735, "loss": 0.0034104132969827727, "tput": 11.997491351975714}}}}