{"fillp_sheep": {"1": {"1": {"delay": 639.911, "loss": 0.007720348477827876, "tput": 10.945371878150766}, "all": {"delay": 639.911, "loss": 0.007720348477827876, "tput": 10.945371878150766}}}, "fillp": {"1": {"1": {"delay": 591.809, "loss": 0.006853746852852338, "tput": 11.47701918293741}, "all": {"delay": 591.809, "loss": 0.006853746852852338, "tput": 11.47701918293741}}}, "cubic": {"1": {"1": {"delay": 1664.905, "loss": 0.03785551233276507, "tput": 11.066274916972123}, "all": {"delay": 1664.905, "loss": 0.03785551233276507, "tput": 11.066274916972123}}}, "vivace": {"1": {"1": {"delay": 449.929, "loss": 0.008415305223221536, "tput": 9.090289304775967}, "all": {"delay": 449.929, "loss": 0.008415305223221536, "tput": 9.090289304775967}}}, "scream": {"1": {"1": {"delay": 201.433, "loss": 0.0062128623217962975, "tput": 0.08198388914299361}, "all": {"delay": 201.433, "loss": 0.0062128623217962975, "tput": 0.08198388914299361}}}, "vegas": {"1": {"1": {"delay": 432.759, "loss": 0.014007442621179367, "tput": 11.11418292274899}, "all": {"delay": 432.759, "loss": 0.014007442621179367, "tput": 11.11418292274899}}}, "bbr": {"1": {"1": {"delay": 968.268, "loss": 0.011049883174568453, "tput": 10.428400406610939}, "all": {"delay": 968.268, "loss": 0.011049883174568453, "tput": 10.428400406610939}}}}