{"fillp_sheep": {"1": {"1": {"delay": 161.475, "loss": 0.004786879416862955, "tput": 1.9230662494467832}, "all": {"delay": 161.475, "loss": 0.004786879416862955, "tput": 1.9230662494467832}}}, "fillp": {"1": {"1": {"delay": 227.458, "loss": 0.006957277316412158, "tput": 1.965090366918457}, "all": {"delay": 227.458, "loss": 0.006957277316412158, "tput": 1.965090366918457}}}, "cubic": {"1": {"1": {"delay": 7258.154, "loss": 0.28183749738412867, "tput": 1.9695447601147111}, "all": {"delay": 7258.154, "loss": 0.28183749738412867, "tput": 1.9695447601147111}}}, "scream": {"1": {"1": {"delay": 106.572, "loss": 0.0025642737086096767, "tput": 0.22031977921433096}, "all": {"delay": 106.572, "loss": 0.0025642737086096767, "tput": 0.22031977921433096}}}, "vivace": {"1": {"1": {"delay": 393.779, "loss": 0.004986142959218176, "tput": 1.7911822260983483}, "all": {"delay": 393.779, "loss": 0.004986142959218176, "tput": 1.7911822260983483}}}, "webrtc": {"1": {"1": {"delay": 106.816, "loss": 0.0, "tput": 0.0012903612278716483}, "all": {"delay": 106.816, "loss": 0.0, "tput": 0.0012903612278716483}}}, "vegas": {"1": {"1": {"delay": 340.075, "loss": 0.004267318947817289, "tput": 1.969496280776419}, "all": {"delay": 340.075, "loss": 0.004267318947817289, "tput": 1.969496280776419}}}, "bbr": {"1": {"1": {"delay": 526.315, "loss": 0.011805830948233287, "tput": 1.9172946332769323}, "all": {"delay": 526.315, "loss": 0.011805830948233287, "tput": 1.9172946332769323}}}}