{"cubic": {"1": {"1": {"delay": 1583.155, "loss": 0.02920514003311392, "tput": 11.62292773422328}, "all": {"delay": 1583.155, "loss": 0.02920514003311392, "tput": 11.62292773422328}}}}