{"fillp_sheep": {"1": {"1": {"delay": 28.666, "loss": 0.00023897884664103586, "tput": 11.177143953433067}, "all": {"delay": 28.666, "loss": 0.00023897884664103586, "tput": 11.177143953433067}}}, "fillp": {"1": {"1": {"delay": 73.062, "loss": 0.0024765027412203544, "tput": 11.957966722523366}, "all": {"delay": 73.062, "loss": 0.0024765027412203544, "tput": 11.957966722523366}}}, "cubic": {"1": {"1": {"delay": 1808.495, "loss": 0.04746087310684932, "tput": 11.999182733794141}, "all": {"delay": 1808.495, "loss": 0.04746087310684932, "tput": 11.999182733794141}}}, "scream": {"1": {"1": {"delay": 1.418, "loss": 0.0, "tput": 0.21735972576590398}, "all": {"delay": 1.418, "loss": 0.0, "tput": 0.21735972576590398}}}, "vivace": {"1": {"1": {"delay": 69.132, "loss": 4.1030380837470126e-05, "tput": 9.920027175221971}, "all": {"delay": 69.132, "loss": 4.1030380837470126e-05, "tput": 9.920027175221971}}}, "webrtc": {"1": {"1": {"delay": 1.467, "loss": 0.0, "tput": 0.00129336677945294}, "all": {"delay": 1.467, "loss": 0.0, "tput": 0.00129336677945294}}}, "vegas": {"1": {"1": {"delay": 6.64, "loss": 0.00020003918989996983, "tput": 11.99904076354795}, "all": {"delay": 6.64, "loss": 0.00020003918989996983, "tput": 11.99904076354795}}}, "bbr": {"1": {"1": {"delay": 17.601, "loss": 0.0004334037951592151, "tput": 11.996044013055478}, "all": {"delay": 17.601, "loss": 0.0004334037951592151, "tput": 11.996044013055478}}}}