{"fillp_sheep": {"1": {"1": {"delay": 141.862, "loss": 0.005126134850433672, "tput": 11.290166185426276}, "all": {"delay": 141.862, "loss": 0.005126134850433672, "tput": 11.290166185426276}}}, "fillp": {"1": {"1": {"delay": 157.041, "loss": 0.003985436355202987, "tput": 11.720216275918032}, "all": {"delay": 157.041, "loss": 0.003985436355202987, "tput": 11.720216275918032}}}, "cubic": {"1": {"1": {"delay": 1591.038, "loss": 0.02966664479566372, "tput": 11.632192269947874}, "all": {"delay": 1591.038, "loss": 0.02966664479566372, "tput": 11.632192269947874}}}, "vivace": {"1": {"1": {"delay": 224.492, "loss": 0.003987864844713251, "tput": 10.15211332925407}, "all": {"delay": 224.492, "loss": 0.003987864844713251, "tput": 10.15211332925407}}}, "scream": {"1": {"1": {"delay": 102.45, "loss": 0.003784954590379197, "tput": 0.2175514976975226}, "all": {"delay": 102.45, "loss": 0.003784954590379197, "tput": 0.2175514976975226}}}, "vegas": {"1": {"1": {"delay": 523.978, "loss": 0.016258163249789792, "tput": 11.63534730459433}, "all": {"delay": 523.978, "loss": 0.016258163249789792, "tput": 11.63534730459433}}}, "bbr": {"1": {"1": {"delay": 488.945, "loss": 0.008001657388817418, "tput": 11.298468481781773}, "all": {"delay": 488.945, "loss": 0.008001657388817418, "tput": 11.298468481781773}}}}