{"fillp_sheep": {"1": {"1": {"delay": 6307.459, "loss": 0.04670902233768515, "tput": 8.44310075579547}, "all": {"delay": 6307.459, "loss": 0.04670902233768515, "tput": 8.44310075579547}}}, "fillp": {"1": {"1": {"delay": 6285.237, "loss": 0.05030516476894731, "tput": 9.655465826798492}, "all": {"delay": 6285.237, "loss": 0.05030516476894731, "tput": 9.655465826798492}}}, "cubic": {"1": {"1": {"delay": 1597.646, "loss": 0.07694767667131996, "tput": 3.7608989483567195}, "all": {"delay": 1597.646, "loss": 0.07694767667131996, "tput": 3.7608989483567195}}}, "vivace": {"1": {"1": {"delay": 1002.484, "loss": 0.021140294682895577, "tput": 0.001727166108829974}, "all": {"delay": 1002.484, "loss": 0.021140294682895577, "tput": 0.001727166108829974}}}, "scream": {"1": {"1": {"delay": 1001.465, "loss": 0.03565680326854026, "tput": 0.07325832330844485}, "all": {"delay": 1001.465, "loss": 0.03565680326854026, "tput": 0.07325832330844485}}}, "vegas": {"1": {"1": {"delay": 1608.458, "loss": 0.07338667338066507, "tput": 3.6803300062326096}, "all": {"delay": 1608.458, "loss": 0.07338667338066507, "tput": 3.6803300062326096}}}, "bbr": {"1": {"1": {"delay": 1534.219, "loss": 0.0880495309582382, "tput": 4.361729040592925}, "all": {"delay": 1534.219, "loss": 0.0880495309582382, "tput": 4.361729040592925}}}}