{"cubic": {"1": {"1": {"delay": 1792.63, "loss": 0.04751239240680549, "tput": 11.999097453333272}, "all": {"delay": 1792.63, "loss": 0.04751239240680549, "tput": 11.999097453333272}}}}