{"cubic": {"1": {"1": {"delay": 1583.841, "loss": 0.02948519914482206, "tput": 11.628562898443436}, "all": {"delay": 1583.841, "loss": 0.02948519914482206, "tput": 11.628562898443436}}}}