{"fillp_sheep": {"1": {"1": {"delay": 29.648, "loss": 0.00084912296841122, "tput": 11.710551996510224}, "all": {"delay": 29.648, "loss": 0.00084912296841122, "tput": 11.710551996510224}}}, "fillp": {"1": {"1": {"delay": 67.931, "loss": 0.002439002830354031, "tput": 11.953832654489961}, "all": {"delay": 67.931, "loss": 0.002439002830354031, "tput": 11.953832654489961}}}, "cubic": {"1": {"1": {"delay": 1807.063, "loss": 0.0194571937812672, "tput": 11.999429074056831}, "all": {"delay": 1807.063, "loss": 0.0194571937812672, "tput": 11.999429074056831}}}, "vivace": {"1": {"1": {"delay": 3.004, "loss": 8.291231119916809e-05, "tput": 9.540828036076412}, "all": {"delay": 3.004, "loss": 8.291231119916809e-05, "tput": 9.540828036076412}}}, "scream": {"1": {"1": {"delay": 1.421, "loss": 0.0, "tput": 0.21736158432053898}, "all": {"delay": 1.421, "loss": 0.0, "tput": 0.21736158432053898}}}, "vegas": {"1": {"1": {"delay": 7.236, "loss": 0.00020006587057641578, "tput": 11.998131168533524}, "all": {"delay": 7.236, "loss": 0.00020006587057641578, "tput": 11.998131168533524}}}, "bbr": {"1": {"1": {"delay": 17.551, "loss": 0.00046724102009487734, "tput": 11.995021086022442}, "all": {"delay": 17.551, "loss": 0.00046724102009487734, "tput": 11.995021086022442}}}}