{"cubic": {"1": {"1": {"delay": 7083.478, "loss": 0.23976680566161657, "tput": 2.360816398851159}, "all": {"delay": 7083.478, "loss": 0.23976680566161657, "tput": 2.360816398851159}}}}