{"fillp_sheep": {"1": {"1": {"delay": 143.62, "loss": 0.004271353599336725, "tput": 5.734317122103539}, "all": {"delay": 143.62, "loss": 0.004271353599336725, "tput": 5.734317122103539}}}, "fillp": {"1": {"1": {"delay": 165.733, "loss": 0.004399307445110412, "tput": 5.882369015376588}, "all": {"delay": 165.733, "loss": 0.004399307445110412, "tput": 5.882369015376588}}}, "cubic": {"1": {"1": {"delay": 3350.52, "loss": 0.09681573450345649, "tput": 5.854959110767588}, "all": {"delay": 3350.52, "loss": 0.09681573450345649, "tput": 5.854959110767588}}}, "scream": {"1": {"1": {"delay": 101.802, "loss": 0.0025610838152775317, "tput": 0.2176040130118585}, "all": {"delay": 101.802, "loss": 0.0025610838152775317, "tput": 0.2176040130118585}}}, "vivace": {"1": {"1": {"delay": 113.194, "loss": 0.004418521481658111, "tput": 5.099970185793507}, "all": {"delay": 113.194, "loss": 0.004418521481658111, "tput": 5.099970185793507}}}, "webrtc": {"1": {"1": {"delay": 102.594, "loss": 0.0, "tput": 0.0012880667728784952}, "all": {"delay": 102.594, "loss": 0.0, "tput": 0.0012880667728784952}}}, "vegas": {"1": {"1": {"delay": 526.205, "loss": 0.014676915768120802, "tput": 5.854750194438322}, "all": {"delay": 526.205, "loss": 0.014676915768120802, "tput": 5.854750194438322}}}, "bbr": {"1": {"1": {"delay": 497.536, "loss": 0.01047623375578477, "tput": 5.688270449330197}, "all": {"delay": 497.536, "loss": 0.01047623375578477, "tput": 5.688270449330197}}}}