{"fillp": {"1": {"1": {"delay": 73.069, "loss": 0.002382664675356194, "tput": 11.955363854374692}, "all": {"delay": 73.069, "loss": 0.002382664675356194, "tput": 11.955363854374692}}}, "fillp_sheep": {"1": {"1": {"delay": 29.872, "loss": 0.0008544206856757608, "tput": 11.75191701669347}, "all": {"delay": 29.872, "loss": 0.0008544206856757608, "tput": 11.75191701669347}}}, "copa": {}, "indigo": {}, "quic": {"1": {"1": {"delay": 413.952, "loss": 0.015121733834046136, "tput": 11.852566003516754}, "all": {"delay": 413.952, "loss": 0.015121733834046136, "tput": 11.852566003516754}}}, "cubic": {"1": {"1": {"delay": 1804.422, "loss": 0.0473198170802982, "tput": 11.999152647872048}, "all": {"delay": 1804.422, "loss": 0.0473198170802982, "tput": 11.999152647872048}}}, "sprout": {"1": {"1": {"delay": 74.399, "loss": 0.0021793753639588465, "tput": 11.976988638153493}, "all": {"delay": 74.399, "loss": 0.0021793753639588465, "tput": 11.976988638153493}}}, "vivace": {"1": {"1": {"delay": 432.831, "loss": 7.428163810663246e-05, "tput": 10.347404273991724}, "all": {"delay": 432.831, "loss": 7.428163810663246e-05, "tput": 10.347404273991724}}}, "scream": {"1": {"1": {"delay": 1.331, "loss": 0.0, "tput": 0.21736192576697733}, "all": {"delay": 1.331, "loss": 0.0, "tput": 0.21736192576697733}}}, "vegas": {"1": {"1": {"delay": 6.895, "loss": 0.00016669932491664152, "tput": 11.999069201358028}, "all": {"delay": 6.895, "loss": 0.00016669932491664152, "tput": 11.999069201358028}}}, "bbr": {"1": {"1": {"delay": 17.04, "loss": 0.0005333133755617281, "tput": 11.997442343276091}, "all": {"delay": 17.04, "loss": 0.0005333133755617281, "tput": 11.997442343276091}}}, "verus": {"1": {"1": {"delay": 408.354, "loss": 0.0, "tput": 9.436227272032681}, "all": {"delay": 408.354, "loss": 0.0, "tput": 9.436227272032681}}}, "pcc": {"1": {"1": {"delay": 55.767, "loss": 7.591572232334975e-05, "tput": 10.904024758452383}, "all": {"delay": 55.767, "loss": 7.591572232334975e-05, "tput": 10.904024758452383}}}, "pcc_experimental": {"1": {"1": {"delay": 3.487, "loss": 0.0008396650734560085, "tput": 5.0996845084212525}, "all": {"delay": 3.487, "loss": 0.0008396650734560085, "tput": 5.0996845084212525}}}, "webrtc": {"1": {"1": {"delay": 1.354, "loss": 9.102624419576877e-05, "tput": 1.9221283472538115}, "all": {"delay": 1.354, "loss": 9.102624419576877e-05, "tput": 1.9221283472538115}}}, "taova": {"1": {"1": {"delay": 2.695, "loss": 0.0, "tput": 6.057386758608197}, "all": {"delay": 2.695, "loss": 0.0, "tput": 6.057386758608197}}}, "ledbat": {"1": {"1": {"delay": 101.739, "loss": 0.003282945291443684, "tput": 11.998043630770407}, "all": {"delay": 101.739, "loss": 0.003282945291443684, "tput": 11.998043630770407}}}}