{"fillp_sheep": {"1": {"1": {"delay": 28.752, "loss": 0.0003374211492526147, "tput": 10.099218539981784}, "all": {"delay": 28.752, "loss": 0.0003374211492526147, "tput": 10.099218539981784}}}, "fillp": {"1": {"1": {"delay": 74.718, "loss": 0.0023494697737280745, "tput": 11.946498473277718}, "all": {"delay": 74.718, "loss": 0.0023494697737280745, "tput": 11.946498473277718}}}, "cubic": {"1": {"1": {"delay": 1809.52, "loss": 0.014356082294507577, "tput": 11.98517534816241}, "all": {"delay": 1809.52, "loss": 0.014356082294507577, "tput": 11.98517534816241}}}, "vivace": {"1": {"1": {"delay": 12.923, "loss": 0.0009992250998721586, "tput": 9.56193183873628}, "all": {"delay": 12.923, "loss": 0.0009992250998721586, "tput": 9.56193183873628}}}, "scream": {"1": {"1": {"delay": 11.52, "loss": 0.0, "tput": 0.21425402720625478}, "all": {"delay": 11.52, "loss": 0.0, "tput": 0.21425402720625478}}}, "vegas": {"1": {"1": {"delay": 42.821, "loss": 0.0005007825116241094, "tput": 11.983699971886843}, "all": {"delay": 42.821, "loss": 0.0005007825116241094, "tput": 11.983699971886843}}}, "bbr": {"1": {"1": {"delay": 49.508, "loss": 0.0014548593022485345, "tput": 11.824035093623413}, "all": {"delay": 49.508, "loss": 0.0014548593022485345, "tput": 11.824035093623413}}}}